<?xml version="1.0" encoding="UTF-8"?><module codename="org.netbeans.bootstrap/1">
    <module_version install_time="1583280100513" last="true" origin="installer" specification_version="2.78.1">
        <file crc="4021567362" name="lib/boot.jar"/>
        <file crc="2204427180" name="lib/nbexec"/>
        <file crc="3625622304" name="lib/nbexec.dll"/>
        <file crc="781033326" name="lib/nbexec.exe"/>
        <file crc="1403128300" name="lib/nbexec64.dll"/>
        <file crc="3819579501" name="lib/nbexec64.exe"/>
    </module_version>
</module>
